{"stats":{"minecraft:picked_up":{"minecraft:rotten_flesh":2,"minecraft:glow_item_frame":6,"minecraft:filled_map":1},"minecraft:custom":{"minecraft:jump":58,"minecraft:time_since_rest":5608,"minecraft:crouch_one_cm":981,"minecraft:sprint_one_cm":7207,"minecraft:play_time":5608,"minecraft:damage_taken":75,"minecraft:time_since_death":5608,"minecraft:walk_one_cm":15350,"minecraft:sneak_time":447,"minecraft:total_world_time":5608,"minecraft:fly_one_cm":23937},"minecraft:used":{"minecraft:barrier":2,"minecraft:white_concrete":10,"immersive_paintings:glow_graffiti":2}},"DataVersion":3465}