{"stats":{"minecraft:picked_up":{"minecraft:rotten_flesh":2,"minecraft:glow_item_frame":6,"minecraft:filled_map":1,"dedsafio_by_forzaken:cuchara":1,"dedsafio_by_forzaken:cuchara_normal":8,"minecraft:ink_sac":6},"minecraft:dropped":{"dedsafio_by_forzaken:cuchara_normal":8,"dedsafio_by_forzaken:cuchara":1},"minecraft:custom":{"minecraft:time_since_rest":29608,"minecraft:crouch_one_cm":5913,"minecraft:play_time":29608,"minecraft:sprint_one_cm":46003,"minecraft:damage_taken":75,"minecraft:walk_one_cm":71811,"minecraft:sneak_time":1696,"minecraft:mob_kills":1,"minecraft:drop":9,"minecraft:jump":571,"minecraft:time_since_death":29608,"minecraft:total_world_time":29608,"minecraft:fly_one_cm":220105},"minecraft:killed":{"alexsmobs:giant_squid":1},"minecraft:used":{"minecraft:chiseled_polished_blackstone":1,"minecraft:grass_block":225,"minecraft:barrier":5,"minecraft:white_concrete":10,"immersive_paintings:glow_graffiti":5}},"DataVersion":3465}