{"stats":{"minecraft:picked_up":{"crittersandcompanions:dragonfly_wing":1,"minecraft:rotten_flesh":2,"minecraft:glow_item_frame":6,"minecraft:filled_map":1,"dedsafio_by_forzaken:cuchara":1,"dedsafio_by_forzaken:cuchara_normal":8,"minecraft:ink_sac":6},"minecraft:dropped":{"dedsafio_by_forzaken:cuchara_normal":8,"dedsafio_by_forzaken:cuchara":1},"minecraft:custom":{"minecraft:time_since_rest":41608,"minecraft:crouch_one_cm":10588,"minecraft:play_time":41608,"minecraft:sprint_one_cm":50962,"minecraft:damage_taken":75,"minecraft:walk_one_cm":132708,"minecraft:sneak_time":2732,"minecraft:mob_kills":1,"minecraft:drop":9,"minecraft:jump":604,"minecraft:time_since_death":41608,"minecraft:total_world_time":41608,"minecraft:fly_one_cm":236245},"minecraft:killed":{"alexsmobs:giant_squid":1},"minecraft:used":{"minecraft:chiseled_polished_blackstone":1,"minecraft:grass_block":914,"minecraft:barrier":5,"minecraft:white_concrete":10,"immersive_paintings:glow_graffiti":5}},"DataVersion":3465}