{"stats":{"minecraft:picked_up":{"minecraft:ink_sac":6,"minecraft:rotten_flesh":2,"minecraft:glow_item_frame":6,"minecraft:filled_map":1},"minecraft:custom":{"minecraft:jump":486,"minecraft:time_since_rest":17608,"minecraft:crouch_one_cm":2268,"minecraft:sprint_one_cm":40543,"minecraft:play_time":17608,"minecraft:damage_taken":75,"minecraft:time_since_death":17608,"minecraft:walk_one_cm":39429,"minecraft:sneak_time":819,"minecraft:total_world_time":17608,"minecraft:mob_kills":1,"minecraft:fly_one_cm":176169},"minecraft:killed":{"alexsmobs:giant_squid":1},"minecraft:used":{"minecraft:barrier":2,"minecraft:white_concrete":10,"immersive_paintings:glow_graffiti":5}},"DataVersion":3465}