{"stats":{"minecraft:picked_up":{"minecraft:andesite":6,"minecraft:wheat_seeds":1,"minecraft:oak_log":8,"minecraft:poppy":1,"minecraft:dirt":6,"minecraft:cobblestone":14},"minecraft:custom":{"minecraft:time_since_rest":22699,"minecraft:crouch_one_cm":3,"minecraft:sprint_one_cm":58488,"minecraft:play_time":22699,"minecraft:open_enderchest":1,"minecraft:damage_taken":40,"minecraft:walk_one_cm":18774,"minecraft:sneak_time":26,"minecraft:jump":626,"minecraft:leave_game":1,"minecraft:walk_on_water_one_cm":190,"minecraft:time_since_death":22699,"minecraft:total_world_time":22699,"minecraft:interact_with_crafting_table":2,"minecraft:fall_one_cm":35671,"minecraft:fly_one_cm":219292},"minecraft:used":{"minecraft:dirt":1,"minecraft:stone_pickaxe":11,"alexsmobs:animal_dictionary":1,"minecraft:wooden_pickaxe":11},"minecraft:crafted":{"minecraft:oak_planks":32,"minecraft:stick":4,"minecraft:stone_pickaxe":1,"minecraft:wooden_pickaxe":1},"minecraft:mined":{"minecraft:grass":7,"minecraft:oak_log":11,"minecraft:grass_block":1,"minecraft:poppy":1,"minecraft:dirt":2,"minecraft:tall_grass":2,"minecraft:stone":15,"minecraft:andesite":5,"minecraft:oak_leaves":1}},"DataVersion":3465}