{"stats":{"minecraft:picked_up":{"minecraft:wheat_seeds":1},"minecraft:custom":{"minecraft:jump":354,"minecraft:time_since_rest":10699,"minecraft:open_enderchest":1,"minecraft:leave_game":1,"minecraft:play_time":10699,"minecraft:sprint_one_cm":34427,"minecraft:time_since_death":10699,"minecraft:walk_on_water_one_cm":34,"minecraft:walk_one_cm":7244,"minecraft:sneak_time":24,"minecraft:total_world_time":10699,"minecraft:fall_one_cm":11264,"minecraft:fly_one_cm":121669},"minecraft:used":{"alexsmobs:animal_dictionary":1},"minecraft:mined":{"minecraft:grass":6}},"DataVersion":3465}