{"stats":{"minecraft:picked_up":{"minecraft:filled_map":1},"minecraft:custom":{"minecraft:jump":485,"minecraft:time_since_rest":15768,"minecraft:damage_dealt":75,"minecraft:open_enderchest":1,"minecraft:walk_on_water_one_cm":550,"minecraft:crouch_one_cm":1728,"minecraft:sprint_one_cm":32639,"minecraft:play_time":15768,"minecraft:damage_taken":70,"minecraft:time_since_death":15768,"minecraft:walk_one_cm":16802,"minecraft:sneak_time":1242,"minecraft:total_world_time":15768,"minecraft:interact_with_crafting_table":1,"minecraft:fall_one_cm":13864,"minecraft:fly_one_cm":123067},"minecraft:used":{"alexsmobs:animal_dictionary":1},"minecraft:mined":{"minecraft:grass":5}},"DataVersion":3465}