{"stats":{"minecraft:picked_up":{"minecraft:crafting_table":4,"minecraft:andesite":3,"minecraft:filled_map":1,"minecraft:tuff":17,"minecraft:oak_log":9,"minecraft:lapis_lazuli":27,"minecraft:dirt":11,"minecraft:wheat_seeds":1,"minecraft:cobbled_deepslate":38,"minecraft:melon_slice":22,"minecraft:sugar_cane":10,"minecraft:furnace":1,"minecraft:raw_iron":6,"minecraft:porkchop":12,"minecraft:diamond":6,"minecraft:stone_axe":1,"minecraft:granite":7,"minecraft:mutton":4,"minecraft:coal":22,"minecraft:white_wool":2,"minecraft:cobblestone":81},"minecraft:dropped":{"minecraft:stone_axe":1,"spartanshields:stone_basic_shield":1,"minecraft:andesite":3},"minecraft:custom":{"minecraft:interact_with_furnace":7,"minecraft:mob_kills":7,"minecraft:interact_with_crafting_table":17,"minecraft:time_since_death":23819,"minecraft:climb_one_cm":3724,"minecraft:time_since_rest":23843,"minecraft:sprint_one_cm":71272,"minecraft:open_enderchest":1,"minecraft:damage_taken":510,"minecraft:walk_one_cm":30311,"minecraft:drop":5,"minecraft:damage_dealt":695,"minecraft:fly_one_cm":248418,"minecraft:crouch_one_cm":9427,"minecraft:play_time":39768,"minecraft:deaths":1,"minecraft:sneak_time":5295,"minecraft:walk_under_water_one_cm":229,"minecraft:jump":887,"minecraft:walk_on_water_one_cm":3653,"minecraft:total_world_time":39768,"minecraft:fall_one_cm":22878},"minecraft:killed":{"minecraft:pig":4,"crittersandcompanions:leaf_insect":1,"minecraft:sheep":2},"minecraft:used":{"minecraft:water_bucket":4,"minecraft:stone_pickaxe":106,"minecraft:oak_planks":2,"minecraft:wooden_pickaxe":6,"minecraft:dirt":11,"minecraft:crafting_table":4,"minecraft:tuff":5,"minecraft:iron_pickaxe":69,"minecraft:stone_axe":21,"minecraft:diamond_sword":6,"minecraft:cobblestone":63,"minecraft:furnace":1,"minecraft:bucket":5,"alexsmobs:animal_dictionary":1,"minecraft:cobbled_deepslate":37},"minecraft:crafted":{"minecraft:oak_planks":36,"minecraft:diamond_sword":1,"minecraft:crafting_table":1,"minecraft:wooden_pickaxe":1,"spartanshields:wooden_tower_shield":1,"minecraft:furnace":1,"spartanshields:stone_basic_shield":1,"minecraft:bucket":1,"spartanshields:diamond_basic_shield":1,"minecraft:stone_axe":1,"minecraft:air":0,"minecraft:stick":16,"minecraft:iron_ingot":6,"minecraft:iron_pickaxe":1,"minecraft:stone_pickaxe":1,"spartanshields:wooden_basic_shield":2},"minecraft:mined":{"minecraft:tuff":17,"minecraft:deepslate_diamond_ore":6,"minecraft:crafting_table":4,"minecraft:granite":7,"minecraft:grass_block":2,"minecraft:melon":4,"minecraft:sugar_cane":3,"minecraft:furnace":1,"minecraft:cobbled_deepslate":1,"minecraft:andesite":1,"minecraft:deepslate_lapis_ore":4,"minecraft:grass":9,"minecraft:oak_log":9,"minecraft:coal_ore":15,"minecraft:deepslate_iron_ore":6,"minecraft:dirt":9,"minecraft:stone":82,"minecraft:oak_leaves":4,"minecraft:deepslate":37}},"DataVersion":3465}