{"stats":{"minecraft:picked_up":{"minecraft:crafting_table":2,"minecraft:andesite":3,"minecraft:filled_map":1,"minecraft:porkchop":12,"minecraft:oak_log":9,"minecraft:dirt":11,"minecraft:stone_axe":1,"minecraft:granite":7,"minecraft:melon_slice":22,"minecraft:mutton":4,"minecraft:coal":9,"minecraft:white_wool":2,"minecraft:cobblestone":69},"minecraft:dropped":{"minecraft:stone_axe":1,"minecraft:andesite":3},"minecraft:custom":{"minecraft:time_since_rest":11843,"minecraft:sprint_one_cm":44777,"minecraft:open_enderchest":1,"minecraft:damage_taken":460,"minecraft:walk_one_cm":23202,"minecraft:mob_kills":6,"minecraft:drop":4,"minecraft:damage_dealt":635,"minecraft:interact_with_crafting_table":9,"minecraft:fly_one_cm":214630,"minecraft:crouch_one_cm":6636,"minecraft:play_time":27768,"minecraft:deaths":1,"minecraft:sneak_time":3728,"minecraft:jump":570,"minecraft:walk_on_water_one_cm":550,"minecraft:time_since_death":11819,"minecraft:climb_one_cm":470,"minecraft:total_world_time":27768,"minecraft:fall_one_cm":19087},"minecraft:killed":{"minecraft:sheep":2,"minecraft:pig":4},"minecraft:used":{"minecraft:stone_pickaxe":84,"minecraft:oak_planks":2,"minecraft:wooden_pickaxe":6,"minecraft:stone_axe":19,"minecraft:cobblestone":1,"minecraft:crafting_table":2,"alexsmobs:animal_dictionary":1},"minecraft:crafted":{"minecraft:oak_planks":36,"minecraft:crafting_table":1,"minecraft:stick":8,"minecraft:wooden_pickaxe":1,"minecraft:stone_pickaxe":1,"spartanshields:wooden_basic_shield":1,"spartanshields:stone_basic_shield":1,"minecraft:stone_axe":1},"minecraft:mined":{"minecraft:andesite":1,"minecraft:crafting_table":2,"minecraft:granite":7,"minecraft:grass":7,"minecraft:coal_ore":9,"minecraft:grass_block":2,"minecraft:oak_log":9,"minecraft:melon":4,"minecraft:dirt":9,"minecraft:stone":69,"minecraft:oak_leaves":2}},"DataVersion":3465}