{"stats":{"minecraft:picked_up":{"minecraft:raw_iron":6,"minecraft:crafting_table":2,"minecraft:feather":7,"minecraft:chicken":5,"minecraft:leather":17,"minecraft:porkchop":4,"minecraft:oak_log":22,"minecraft:brewing_stand":1,"minecraft:dirt":2,"minecraft:orange_bed":1,"minecraft:wheat_seeds":2,"minecraft:hay_block":5,"minecraft:beef":32,"minecraft:coal":26,"minecraft:mutton":16,"minecraft:white_wool":10,"minecraft:cobblestone":81},"minecraft:dropped":{"minecraft:wooden_axe":1,"minecraft:wooden_sword":1},"minecraft:broken":{"minecraft:wooden_pickaxe":1},"minecraft:custom":{"minecraft:time_since_rest":41600,"minecraft:sprint_one_cm":176926,"minecraft:damage_taken":40,"minecraft:walk_one_cm":95808,"minecraft:mob_kills":30,"minecraft:drop":2,"minecraft:damage_dealt":2695,"minecraft:swim_one_cm":4059,"minecraft:interact_with_crafting_table":3,"minecraft:fly_one_cm":207031,"minecraft:crouch_one_cm":1022,"minecraft:play_time":41600,"minecraft:sneak_time":244,"minecraft:walk_under_water_one_cm":251,"minecraft:jump":780,"minecraft:walk_on_water_one_cm":2077,"minecraft:time_since_death":41600,"minecraft:total_world_time":41600,"minecraft:fall_one_cm":9163},"minecraft:killed":{"minecraft:sheep":9,"minecraft:horse":1,"minecraft:pig":2,"minecraft:chicken":4,"minecraft:cow":14},"minecraft:used":{"minecraft:wooden_axe":7,"minecraft:stone_sword":12,"minecraft:stone_pickaxe":58,"minecraft:wooden_pickaxe":59,"minecraft:stone_axe":19,"minecraft:wooden_sword":39,"minecraft:dirt":1,"minecraft:crafting_table":2},"minecraft:crafted":{"minecraft:wooden_sword":1,"minecraft:oak_planks":64,"minecraft:crafting_table":1,"minecraft:stick":12,"minecraft:leather_chestplate":1,"minecraft:wooden_pickaxe":1,"minecraft:stone_pickaxe":1,"spartanshields:wooden_tower_shield":1,"minecraft:wooden_axe":1,"minecraft:stone_sword":1,"minecraft:stone_axe":1},"minecraft:mined":{"minecraft:hay_block":5,"minecraft:iron_ore":6,"minecraft:birch_leaves":1,"minecraft:brewing_stand":1,"minecraft:crafting_table":2,"minecraft:coal_ore":26,"minecraft:grass":12,"minecraft:grass_block":2,"minecraft:oak_log":22,"minecraft:tall_grass":6,"minecraft:stone":82,"minecraft:oak_leaves":2,"minecraft:orange_bed":1}},"DataVersion":3465}