{"stats":{"minecraft:picked_up":{"minecraft:crafting_table":1,"minecraft:chicken":1,"minecraft:leather":10,"minecraft:oak_log":16,"minecraft:brewing_stand":1,"minecraft:orange_bed":1,"minecraft:wheat_seeds":2,"minecraft:hay_block":5,"minecraft:beef":18,"minecraft:mutton":9,"minecraft:white_wool":5},"minecraft:custom":{"minecraft:time_since_rest":29600,"minecraft:sprint_one_cm":134492,"minecraft:walk_one_cm":65694,"minecraft:mob_kills":13,"minecraft:damage_dealt":1285,"minecraft:interact_with_crafting_table":1,"minecraft:fly_one_cm":171825,"minecraft:crouch_one_cm":1020,"minecraft:play_time":29600,"minecraft:sneak_time":240,"minecraft:jump":571,"minecraft:walk_on_water_one_cm":306,"minecraft:time_since_death":29600,"minecraft:total_world_time":29600,"minecraft:fall_one_cm":4838},"minecraft:killed":{"minecraft:sheep":4,"minecraft:horse":1,"minecraft:chicken":1,"minecraft:cow":7},"minecraft:used":{"minecraft:wooden_axe":7,"minecraft:wooden_pickaxe":2,"minecraft:wooden_sword":39,"minecraft:crafting_table":1},"minecraft:crafted":{"minecraft:wooden_sword":1,"minecraft:oak_planks":48,"minecraft:crafting_table":1,"minecraft:stick":8,"minecraft:wooden_pickaxe":1,"spartanshields:wooden_tower_shield":1,"minecraft:wooden_axe":1},"minecraft:mined":{"minecraft:hay_block":5,"minecraft:brewing_stand":1,"minecraft:crafting_table":1,"minecraft:grass":9,"minecraft:oak_log":16,"minecraft:tall_grass":6,"minecraft:oak_leaves":2,"minecraft:orange_bed":1}},"DataVersion":3465}