{"stats":{"minecraft:picked_up":{"minecraft:crafting_table":4,"minecraft:leather":2,"minecraft:oak_stairs":1,"minecraft:oak_log":48,"minecraft:yellow_bed":4,"minecraft:oak_trapdoor":1,"minecraft:cornflower":7,"minecraft:acacia_planks":2,"minecraft:wheat_seeds":12,"minecraft:bell":1,"minecraft:beef":3,"minecraft:cobblestone_slab":6,"minecraft:oak_planks":9,"minecraft:stick":8,"minecraft:composter":4,"minecraft:acacia_log":5,"minecraft:torch":1,"minecraft:dandelion":6,"minecraft:spruce_sapling":4,"minecraft:white_bed":1,"minecraft:spruce_log":6,"minecraft:orange_bed":1,"minecraft:hay_block":58,"minecraft:bread":32,"minecraft:cobblestone":71},"minecraft:dropped":{"minecraft:bread":48,"minecraft:wheat_seeds":12,"minecraft:oak_trapdoor":1,"minecraft:composter":4,"minecraft:oak_planks":1,"minecraft:stick":5,"minecraft:torch":1,"minecraft:cornflower":7,"minecraft:oak_stairs":1,"minecraft:acacia_planks":4,"minecraft:dandelion":5},"minecraft:broken":{"minecraft:wooden_hoe":2},"minecraft:custom":{"minecraft:mob_kills":2,"minecraft:traded_with_villager":3,"minecraft:interact_with_crafting_table":11,"minecraft:bell_ring":61,"minecraft:time_since_death":31418,"minecraft:time_since_rest":31418,"minecraft:sprint_one_cm":114458,"minecraft:damage_taken":330,"minecraft:walk_one_cm":43863,"minecraft:drop":17,"minecraft:damage_dealt":290,"minecraft:swim_one_cm":1753,"minecraft:talked_to_villager":2,"minecraft:fly_one_cm":221007,"minecraft:open_chest":7,"minecraft:crouch_one_cm":6378,"minecraft:play_time":31418,"minecraft:sneak_time":1471,"minecraft:walk_under_water_one_cm":49,"minecraft:jump":898,"minecraft:walk_on_water_one_cm":1063,"minecraft:total_world_time":31418,"minecraft:fall_one_cm":43180},"minecraft:killed":{"minecraft:cow":2},"minecraft:used":{"minecraft:oak_trapdoor":4,"minecraft:stone_pickaxe":71,"minecraft:oak_planks":169,"minecraft:chest":2,"minecraft:wooden_pickaxe":6,"minecraft:bell":1,"minecraft:cobblestone_slab":118,"minecraft:stone_hoe":19,"minecraft:orange_bed":1,"minecraft:crafting_table":5,"minecraft:white_bed":1,"minecraft:wooden_axe":10,"minecraft:wooden_hoe":122,"minecraft:stone_axe":92,"minecraft:yellow_bed":4},"minecraft:crafted":{"minecraft:oak_planks":192,"minecraft:cobblestone_slab":126,"minecraft:crafting_table":1,"minecraft:spruce_planks":24,"minecraft:wooden_pickaxe":1,"minecraft:stone_axe":1,"minecraft:bread":192,"minecraft:air":0,"minecraft:oak_trapdoor":4,"minecraft:wooden_hoe":2,"minecraft:stick":16,"minecraft:stone_pickaxe":1,"minecraft:wooden_axe":1,"minecraft:chest":2,"minecraft:acacia_planks":20,"minecraft:stone_hoe":1,"minecraft:wheat":522},"minecraft:mined":{"minecraft:white_bed":1,"minecraft:dandelion":5,"minecraft:crafting_table":4,"minecraft:cornflower":7,"minecraft:acacia_log":5,"minecraft:tall_grass":9,"minecraft:spruce_leaves":86,"minecraft:composter":2,"minecraft:oak_planks":9,"minecraft:hay_block":60,"minecraft:oak_trapdoor":1,"minecraft:wheat":1,"minecraft:spruce_log":6,"minecraft:yellow_bed":4,"minecraft:bell":1,"minecraft:grass":51,"minecraft:oak_log":65,"minecraft:cobblestone_slab":4,"minecraft:oak_stairs":1,"minecraft:stonecutter":1,"minecraft:stone":71,"minecraft:orange_bed":1}},"DataVersion":3465}