{"stats":{"minecraft:picked_up":{"minecraft:orange_bed":1,"minecraft:acacia_log":5,"minecraft:hay_block":58,"minecraft:beef":1},"minecraft:broken":{"minecraft:wooden_hoe":1},"minecraft:custom":{"minecraft:open_chest":1,"minecraft:time_since_rest":7418,"minecraft:crouch_one_cm":57,"minecraft:play_time":7418,"minecraft:sprint_one_cm":28404,"minecraft:damage_taken":80,"minecraft:walk_one_cm":4017,"minecraft:sneak_time":21,"minecraft:mob_kills":1,"minecraft:jump":238,"minecraft:damage_dealt":100,"minecraft:time_since_death":7418,"minecraft:total_world_time":7418,"minecraft:interact_with_crafting_table":1,"minecraft:fall_one_cm":19769,"minecraft:fly_one_cm":81132},"minecraft:killed":{"minecraft:cow":1},"minecraft:used":{"minecraft:wooden_axe":1,"minecraft:wooden_hoe":63,"minecraft:crafting_table":1},"minecraft:crafted":{"minecraft:acacia_planks":20,"minecraft:wooden_hoe":1,"minecraft:crafting_table":1,"minecraft:stick":8,"minecraft:wooden_axe":1},"minecraft:mined":{"minecraft:hay_block":60,"minecraft:grass":8,"minecraft:acacia_log":5,"minecraft:wheat":1,"minecraft:tall_grass":1,"minecraft:orange_bed":1}},"DataVersion":3465}