{"stats":{"minecraft:picked_up":{"minecraft:stick":3,"minecraft:crafting_table":2,"minecraft:composter":1,"minecraft:leather":2,"minecraft:acacia_log":5,"minecraft:oak_stairs":1,"minecraft:oak_log":32,"minecraft:spruce_sapling":4,"minecraft:yellow_bed":2,"minecraft:spruce_log":6,"minecraft:orange_bed":1,"minecraft:hay_block":58,"minecraft:beef":3,"minecraft:cobblestone":8},"minecraft:dropped":{"minecraft:oak_stairs":1},"minecraft:broken":{"minecraft:wooden_hoe":2},"minecraft:custom":{"minecraft:time_since_rest":19418,"minecraft:sprint_one_cm":67612,"minecraft:damage_taken":240,"minecraft:walk_one_cm":15801,"minecraft:mob_kills":2,"minecraft:drop":1,"minecraft:damage_dealt":280,"minecraft:traded_with_villager":3,"minecraft:talked_to_villager":2,"minecraft:interact_with_crafting_table":7,"minecraft:swim_one_cm":1753,"minecraft:fly_one_cm":174344,"minecraft:open_chest":3,"minecraft:crouch_one_cm":1136,"minecraft:play_time":19418,"minecraft:sneak_time":289,"minecraft:walk_under_water_one_cm":49,"minecraft:jump":649,"minecraft:time_since_death":19418,"minecraft:walk_on_water_one_cm":1063,"minecraft:total_world_time":19418,"minecraft:fall_one_cm":34703},"minecraft:killed":{"minecraft:cow":2},"minecraft:used":{"minecraft:wooden_axe":10,"minecraft:wooden_hoe":122,"minecraft:stone_pickaxe":2,"minecraft:wooden_pickaxe":6,"minecraft:stone_hoe":19,"minecraft:stone_axe":57,"minecraft:crafting_table":2},"minecraft:crafted":{"minecraft:oak_planks":128,"minecraft:wooden_hoe":2,"minecraft:crafting_table":1,"minecraft:spruce_planks":4,"minecraft:stick":16,"minecraft:wooden_pickaxe":1,"minecraft:stone_pickaxe":1,"minecraft:wooden_axe":1,"minecraft:acacia_planks":20,"minecraft:stone_hoe":1,"minecraft:stone_axe":1,"minecraft:air":0,"minecraft:bread":192,"minecraft:wheat":522},"minecraft:mined":{"minecraft:hay_block":60,"minecraft:wheat":1,"minecraft:spruce_log":6,"minecraft:yellow_bed":2,"minecraft:crafting_table":2,"minecraft:grass":8,"minecraft:acacia_log":5,"minecraft:oak_log":47,"minecraft:oak_stairs":1,"minecraft:tall_grass":2,"minecraft:spruce_leaves":86,"minecraft:stone":8,"minecraft:composter":1,"minecraft:orange_bed":1}},"DataVersion":3465}