{"stats":{"minecraft:picked_up":{"minecraft:wheat_seeds":3,"alexsmobs:animal_dictionary":1,"minecraft:filled_map":1},"minecraft:dropped":{"alexsmobs:animal_dictionary":1,"minecraft:wheat_seeds":3},"minecraft:custom":{"minecraft:jump":572,"minecraft:time_since_rest":16234,"minecraft:damage_dealt":10,"minecraft:open_enderchest":1,"minecraft:crouch_one_cm":1424,"minecraft:damage_taken":240,"minecraft:sprint_one_cm":69306,"minecraft:play_time":16234,"minecraft:time_since_death":16234,"minecraft:walk_one_cm":36760,"minecraft:sneak_time":416,"minecraft:total_world_time":16234,"minecraft:drop":4,"minecraft:fall_one_cm":26560,"minecraft:fly_one_cm":161948},"minecraft:used":{"alexsmobs:animal_dictionary":1},"minecraft:mined":{"minecraft:tall_grass":3,"minecraft:grass":24}},"DataVersion":3465}