{"stats":{"minecraft:picked_up":{"minecraft:wheat_seeds":2},"minecraft:dropped":{"minecraft:wheat_seeds":2},"minecraft:custom":{"minecraft:jump":168,"minecraft:time_since_rest":4234,"minecraft:crouch_one_cm":727,"minecraft:damage_taken":240,"minecraft:sprint_one_cm":28211,"minecraft:play_time":4234,"minecraft:time_since_death":4234,"minecraft:walk_one_cm":9641,"minecraft:sneak_time":231,"minecraft:total_world_time":4234,"minecraft:drop":2,"minecraft:fall_one_cm":17755,"minecraft:fly_one_cm":54391},"minecraft:used":{"alexsmobs:animal_dictionary":1},"minecraft:mined":{"minecraft:grass":10}},"DataVersion":3465}