{"stats":{"minecraft:picked_up":{"minecraft:andesite":1,"minecraft:filled_map":1,"minecraft:oak_log":6,"alexsmobs:animal_dictionary":1,"minecraft:dirt":18,"minecraft:wheat_seeds":3,"minecraft:oak_planks":1,"minecraft:cobblestone":12},"minecraft:dropped":{"minecraft:wheat_seeds":3,"alexsmobs:animal_dictionary":1},"minecraft:custom":{"minecraft:time_since_rest":28234,"minecraft:sprint_one_cm":80807,"minecraft:open_enderchest":1,"minecraft:damage_taken":330,"minecraft:walk_one_cm":47617,"minecraft:interact_with_anvil":1,"minecraft:drop":4,"minecraft:damage_dealt":20,"minecraft:interact_with_crafting_table":6,"minecraft:fly_one_cm":212774,"minecraft:crouch_one_cm":2804,"minecraft:play_time":28234,"minecraft:sneak_time":992,"minecraft:jump":745,"minecraft:time_since_death":28234,"minecraft:total_world_time":28234,"minecraft:fall_one_cm":46029},"minecraft:used":{"minecraft:oak_planks":1,"minecraft:wooden_pickaxe":30,"minecraft:stone_axe":4,"minecraft:crafting_table":1,"minecraft:andesite":1,"alexsmobs:animal_dictionary":1},"minecraft:crafted":{"minecraft:oak_planks":24,"minecraft:crafting_table":1,"minecraft:stick":16,"minecraft:wooden_pickaxe":1,"minecraft:stone_pickaxe":1,"spartanshields:wooden_tower_shield":1,"minecraft:stone_axe":1,"spartanshields:stone_tower_shield":1},"minecraft:mined":{"minecraft:andesite":1,"minecraft:grass":39,"minecraft:grass_block":3,"minecraft:oak_log":6,"minecraft:dirt":15,"minecraft:tall_grass":3,"minecraft:stone":12,"minecraft:oak_planks":1,"minecraft:oak_leaves":1}},"DataVersion":3465}