{"stats":{"minecraft:picked_up":{"alexsmobs:animal_dictionary":1},"minecraft:dropped":{"alexsmobs:animal_dictionary":1},"minecraft:custom":{"minecraft:jump":152,"minecraft:time_since_rest":19602,"minecraft:crouch_one_cm":606,"minecraft:damage_taken":40,"minecraft:sprint_one_cm":10238,"minecraft:play_time":19602,"minecraft:time_since_death":19602,"minecraft:walk_one_cm":11027,"minecraft:sneak_time":518,"minecraft:mob_kills":1,"minecraft:total_world_time":19602,"minecraft:drop":1,"minecraft:fall_one_cm":3006,"minecraft:fly_one_cm":41396},"minecraft:killed":{"crittersandcompanions:otter":1},"minecraft:used":{"minecraft:birch_sign":4,"securitycraft:panic_button":1,"cgm:bazooka":4,"moa_decor_electronics:teclado_monitor":3,"cgm:mini_gun":24,"crittersandcompanions:otter_spawn_egg":13,"cgm:machine_pistol":6}},"DataVersion":3465}