{"stats":{"minecraft:picked_up":{"alexsmobs:animal_dictionary":1},"minecraft:dropped":{"alexsmobs:animal_dictionary":1},"minecraft:custom":{"minecraft:jump":103,"minecraft:time_since_rest":7602,"minecraft:crouch_one_cm":502,"minecraft:sprint_one_cm":8025,"minecraft:play_time":7602,"minecraft:time_since_death":7602,"minecraft:walk_one_cm":5543,"minecraft:sneak_time":308,"minecraft:total_world_time":7602,"minecraft:drop":1,"minecraft:fall_one_cm":1314,"minecraft:fly_one_cm":24649},"minecraft:used":{"minecraft:birch_sign":1,"crittersandcompanions:otter_spawn_egg":13}},"DataVersion":3465}