{"stats":{"minecraft:picked_up":{"minecraft:beef":3,"minecraft:oak_log":4,"minecraft:leather":2},"minecraft:custom":{"minecraft:jump":163,"minecraft:time_since_rest":5667,"minecraft:damage_dealt":200,"minecraft:crouch_one_cm":25,"minecraft:sprint_one_cm":14816,"minecraft:play_time":5667,"minecraft:damage_taken":40,"minecraft:time_since_death":5667,"minecraft:walk_one_cm":3656,"minecraft:sneak_time":55,"minecraft:total_world_time":5667,"minecraft:mob_kills":2,"minecraft:fall_one_cm":20154,"minecraft:fly_one_cm":58667},"minecraft:killed":{"minecraft:cow":2},"minecraft:mined":{"minecraft:tall_grass":2,"minecraft:grass":11,"minecraft:oak_log":4}},"DataVersion":3465}