{"stats":{"minecraft:picked_up":{"minecraft:crafting_table":1,"minecraft:leather":7,"minecraft:porkchop":12,"minecraft:oak_log":6,"minecraft:orange_bed":1,"minecraft:wheat_seeds":2,"minecraft:beef":16,"minecraft:poppy":1,"minecraft:sugar_cane":4,"minecraft:mutton":3,"minecraft:coal":11,"minecraft:white_wool":2,"minecraft:cobblestone":33},"minecraft:dropped":{"minecraft:poppy":1,"minecraft:wheat_seeds":2,"minecraft:wooden_pickaxe":1},"minecraft:custom":{"minecraft:time_since_rest":20341,"minecraft:sprint_one_cm":65199,"minecraft:damage_taken":140,"minecraft:walk_one_cm":18756,"minecraft:mob_kills":16,"minecraft:drop":4,"minecraft:damage_dealt":1560,"minecraft:interact_with_crafting_table":4,"minecraft:swim_one_cm":44623,"minecraft:fly_one_cm":168514,"minecraft:open_chest":1,"minecraft:crouch_one_cm":375,"minecraft:play_time":20341,"minecraft:sneak_time":171,"minecraft:walk_under_water_one_cm":2764,"minecraft:jump":647,"minecraft:leave_game":1,"minecraft:time_since_death":20341,"minecraft:walk_on_water_one_cm":7119,"minecraft:total_world_time":20341,"minecraft:fall_one_cm":31637},"minecraft:killed":{"minecraft:sheep":2,"minecraft:pig":6,"minecraft:cow":8},"minecraft:used":{"minecraft:stone_pickaxe":41,"minecraft:wooden_pickaxe":3,"minecraft:stone_axe":25,"minecraft:cobblestone":27,"minecraft:crafting_table":1},"minecraft:crafted":{"minecraft:oak_planks":24,"minecraft:crafting_table":1,"minecraft:stick":8,"minecraft:wooden_pickaxe":1,"minecraft:stone_pickaxe":1,"minecraft:stone_axe":1},"minecraft:mined":{"minecraft:seagrass":1,"minecraft:tall_seagrass":1,"minecraft:crafting_table":1,"minecraft:grass":36,"minecraft:oak_log":6,"minecraft:coal_ore":11,"minecraft:poppy":1,"minecraft:tall_grass":4,"minecraft:stone":33,"minecraft:sugar_cane":3,"minecraft:orange_bed":1}},"DataVersion":3465}