{"stats":{"minecraft:picked_up":{"minecraft:andesite":1,"crittersandcompanions:dragonfly_wing":1,"minecraft:apple":1,"minecraft:oak_log":10,"minecraft:dirt":7,"alexsmobs:animal_dictionary":2,"minecraft:cobblestone":13},"minecraft:dropped":{"minecraft:wooden_sword":1,"crittersandcompanions:dragonfly_wing":1,"alexsmobs:animal_dictionary":3,"minecraft:wooden_axe":1},"minecraft:custom":{"minecraft:time_since_rest":19227,"minecraft:crouch_one_cm":4883,"minecraft:play_time":19227,"minecraft:sprint_one_cm":45845,"minecraft:damage_taken":80,"minecraft:walk_one_cm":33433,"minecraft:sneak_time":1542,"minecraft:mob_kills":1,"minecraft:drop":6,"minecraft:jump":280,"minecraft:damage_dealt":40,"minecraft:leave_game":1,"minecraft:time_since_death":19227,"minecraft:total_world_time":19227,"minecraft:interact_with_crafting_table":2,"minecraft:fall_one_cm":17136,"minecraft:fly_one_cm":84286},"minecraft:killed":{"crittersandcompanions:dragonfly":1},"minecraft:used":{"minecraft:crafting_table":1,"minecraft:wooden_pickaxe":14},"minecraft:crafted":{"minecraft:stone_sword":1,"minecraft:wooden_sword":1,"minecraft:oak_planks":40,"minecraft:stone_axe":1,"minecraft:crafting_table":1,"minecraft:stick":16,"minecraft:stone_pickaxe":1,"minecraft:wooden_pickaxe":1,"minecraft:wooden_axe":1},"minecraft:mined":{"minecraft:grass_block":2,"minecraft:oak_log":7,"minecraft:dirt":8,"minecraft:stone":12,"minecraft:andesite":2}},"DataVersion":3465}