{"stats":{"minecraft:picked_up":{"alexsmobs:animal_dictionary":2},"minecraft:dropped":{"alexsmobs:animal_dictionary":2},"minecraft:custom":{"minecraft:jump":37,"minecraft:time_since_rest":7227,"minecraft:crouch_one_cm":2398,"minecraft:sprint_one_cm":4189,"minecraft:leave_game":1,"minecraft:play_time":7227,"minecraft:damage_taken":50,"minecraft:time_since_death":7227,"minecraft:walk_one_cm":12368,"minecraft:sneak_time":700,"minecraft:total_world_time":7227,"minecraft:drop":2,"minecraft:fall_one_cm":1780,"minecraft:fly_one_cm":5208}},"DataVersion":3465}