{
  "__COMMENT1": "To apply this configuration to all newly generated worlds",
  "__COMMENT2": "please place this configuration file into your config directory",
  "__COMMENT3": "with the following name: cpm-server-default.json",
  "player_scaling": {
    "543f71ef-3421-486f-a6b5-480af57bf183": {},
    "4828ca5a-a7de-39e7-8bf4-1389e92e388c": {},
    "5f3939f2-23c8-3d4a-99ca-b255860cd384": {},
    "4e544ebd-8c3f-341f-b216-47b367565491": {
      "flight": 1.0,
      "mob_vis": 1.0,
      "motion": 1.0,
      "reach": 1.0,
      "scale": 1.0,
      "health": 1.0,
      "jump_height": 1.0,
      "proj_dmg": 1.0,
      "msp": 1.0,
      "viewBonning": 1.0,
      "exp_dmg": 1.0,
      "hitboxH": 1.0,
      "defense": 1.0,
      "attack": 1.0,
      "fdmg": 1.0,
      "eyeHeight": 1.0,
      "width": 1.0,
      "akb": 1.0,
      "hitboxW": 1.0,
      "thirdPerson": 1.0,
      "kbr": 1.0,
      "stepHeight": 1.0,
      "asp": 1.0,
      "height": 1.0
    },
    "5fdc63b3-1bd4-344f-9f31-e91f8fc78dc8": {},
    "9850424b-ca1a-3285-a4c3-4d34d26728b7": {},
    "4e24130a-036a-3a09-ab8a-83d908472daf": {},
    "fc8ee6c1-959e-330b-afb6-e308309ef008": {},
    "aba4c325-8447-3dab-ac7b-0ee7fc9d1353": {},
    "eb89be00-8218-35be-8a71-20f39ef8d8d2": {},
    "cc09445b-5d92-3859-9497-d872fb0d64c4": {}
  },
  "skins": {},
  "player_scaling_settings": {},
  "scaling_settings": {
    "projectile_dmg": {},
    "mining_speed": {},
    "motion": {},
    "third_person": {},
    "hitbox_width": {},
    "eye_height": {},
    "mob_visibility": {},
    "flight_speed": {},
    "knockback_resist": {},
    "reach": {},
    "health": {},
    "jump_height": {},
    "attack_speed": {},
    "explosion_dmg": {},
    "view_bobbing": {},
    "defense": {},
    "attack_knockback": {},
    "step_height": {},
    "width": {},
    "hitbox_height": {},
    "attack_dmg": {},
    "fall_damage": {},
    "entity": {},
    "height": {}
  }
}